,feature,coefficients,abs_coeff
0,frequency,-2.050557687051621,2.050557687051621
1,monetary,0.006177874882193495,0.006177874882193495
2,avg_order_value,-0.002722130769115802,0.002722130769115802
